hello,google@gmail.com,buddy,"Nah i&#039;d win"
"arshia sharifi",spectre@gmail.com,Nah,"BRO stop"
bruh,hello@gmail.com,noway,goofy
Goofy,nah@gmail.com,nah,nah
buddy,bob@brown.com,bubd,bud
John Doe,johndoe@example.com,Hello,How are you?
Jane Smith,janesmith@example.com,Meeting,Let's discuss the agenda.
Alice Johnson,alice.johnson@example.com,Project Update,Here's the latest progress report.
Bob Anderson,bob.anderson@example.com,Question,I have a question about the task.
Emily Brown,emily.brown@example.com,Feedback,Please provide your feedback on the proposal.
